start	length	kind
008000	248	unknown
0080F8	136	code
008180	4	unknown
008184	50	code
0081B6	7	unknown
0081BD	26	code
0081D7	111	unknown
008246	174	code
0082F4	55	unknown
00832B	52	code
00835F	4	unknown
008363	114	code
0083D5	5	unknown
0083DA	49	code
00840B	5	unknown
008410	7	code
008417	5	unknown
00841C	6	code
008422	5	unknown
008427	8	code
00842F	5	unknown
008434	75	code
00847F	12	unknown
00848B	30	code
0084A9	64	unknown
0084E9	327	code
008630	2	unknown
008632	137	code
0086BB	15	unknown
0086CA	13	code
0086D7	4	unknown
0086DB	29	code
0086F8	15	unknown
008707	64	code
008747	36	unknown
00876B	38	code
008791	18	unknown
0087A3	2	code
0087A5	10	unknown
0087AF	120	code
008827	6	unknown
00882D	4	code
008831	1	unknown
008832	99	code
008895	8	unknown
00889D	44	code
0088C9	34	unknown
0088EB	615	code
008B52	6	unknown
008B58	189	code
008C15	107	unknown
008C80	64	code
008CC0	4	unknown
008CC4	7	code
008CCB	16	unknown
008CDB	216	code
008DB3	5	unknown
008DB8	105	code
008E21	546	unknown
009043	5	code
009048	6	unknown
00904E	268	code
00915A	9	unknown
009163	11	code
00916E	2	unknown
009170	58	code
0091AA	18	unknown
0091BC	38	code
0091E2	2	unknown
0091E4	32	code
009204	6	unknown
00920A	12	code
009216	36	unknown
00923A	311	code
009371	55	unknown
0093A8	236	code
009494	3	unknown
009497	170	code
009541	4	unknown
009545	90	code
00959F	4	unknown
0095A3	160	code
009643	4	unknown
009647	108	code
0096B3	12	unknown
0096BF	59	code
0096FA	6	unknown
009700	116	code
009774	5	unknown
009779	17	code
00978A	16	unknown
00979A	160	code
00983A	12	unknown
009846	79	code
009895	3	unknown
009898	67	code
0098DB	19	unknown
0098EE	66	code
009930	8	unknown
009938	16	code
009948	62	unknown
009986	21	code
00999B	76	unknown
0099E7	27	code
009A02	4	unknown
009A06	12	code
009A12	36	unknown
009A36	56	code
009A6E	3	unknown
009A71	17	code
009A82	11	unknown
009A8D	5	code
009A92	10	unknown
009A9C	11	code
009AA7	13	unknown
009AB4	45	code
009AE1	117	unknown
009B56	147	code
009BE9	33	unknown
009C0A	1	code
009C0B	348	unknown
009D67	116	code
009DDB	27	unknown
009DF6	7	code
009DFD	21	unknown
009E12	21	code
009E27	25	unknown
009E40	11	code
009E4B	24	unknown
009E63	96	code
009EC3	43	unknown
009EEE	105	code
009F57	69	unknown
009F9C	1	code
009F9D	62	unknown
009FDB	40	code
00A003	259	unknown
00A106	38	code
00A12C	37	unknown
00A151	68	code
00A195	55	unknown
00A1CC	77	code
00A219	1427	unknown
00A7AC	71	code
00A7F3	16	unknown
00A803	186	code
00A8BD	3	unknown
00A8C0	312	code
00A9F8	430	unknown
00ABA6	48	code
00ABD6	64	unknown
00AC16	77	code
00AC63	181	unknown
00AD18	206	code
00ADE6	49	unknown
00AE17	55	code
00AE4E	3	unknown
00AE51	174	code
00AEFF	183	unknown
00AFB6	133	code
00B03B	166	unknown
00B0E1	86	code
00B137	5	unknown
00B13C	125	code
00B1B9	38	unknown
00B1DF	92	code
00B23B	4	unknown
00B23F	99	code
00B2A2	5	unknown
00B2A7	33	code
00B2C8	5	unknown
00B2CD	56	code
00B305	1	unknown
00B306	41	code
00B32F	1	unknown
00B330	83	code
00B383	38	unknown
00B3A9	781	code
00B6B6	3	unknown
00B6B9	5	code
00B6BE	3	unknown
00B6C1	12	code
00B6CD	3	unknown
00B6D0	5	code
00B6D5	3	unknown
00B6D8	791	code
00B9EF	18	unknown
00BA01	304	code
00BB31	8	unknown
00BB39	341	code
00BC8E	14	unknown
00BC9C	151	code
00BD33	10	unknown
00BD3D	42	code
00BD67	10	unknown
00BD71	6	code
00BD77	12	unknown
00BD83	10	code
00BD8D	6	unknown
00BD93	10	code
00BD9D	6	unknown
00BDA3	10	code
00BDAD	6	unknown
00BDB3	12	code
00BDBF	22	unknown
00BDD5	14	code
00BDE3	4	unknown
00BDE7	71	code
00BE2E	6	unknown
00BE34	19	code
00BE47	1	unknown
00BE48	23	code
00BE5F	2	unknown
00BE61	28	code
00BE7D	8	unknown
00BE85	109	code
00BEF2	4	unknown
00BEF6	86	code
00BF4C	3	unknown
00BF4F	4	code
00BF53	18	unknown
00BF65	19	code
00BF78	25	unknown
00BF91	17	code
00BFA2	39	unknown
00BFC9	20	code
00BFDD	7	unknown
00BFE4	25	code
00BFFD	8	unknown
00C005	159	code
00C0A4	3535	unknown
00CE73	131	code
00CEF6	26	unknown
00CF10	68	code
00CF54	11	unknown
00CF5F	6	code
00CF65	27	unknown
00CF80	12	code
00CF8C	7	unknown
00CF93	248	code
00D08B	7	unknown
00D092	62	code
00D0D0	5	unknown
00D0D5	91	code
00D130	15	unknown
00D13F	75	code
00D18A	5	unknown
00D18F	293	code
00D2B4	18	unknown
00D2C6	5	code
00D2CB	43	unknown
00D2F6	20	code
00D30A	99	unknown
00D36D	145	code
00D3FE	11	unknown
00D409	5	code
00D40E	11	unknown
00D419	5	code
00D41E	11	unknown
00D429	136	code
00D4B1	10	unknown
00D4BB	88	code
00D513	3	unknown
00D516	54	code
00D54C	24	unknown
00D564	119	code
00D5DB	246	unknown
00D6D1	45	code
00D6FE	10	unknown
00D708	72	code
00D750	3	unknown
00D753	148	code
00D7E7	44	unknown
00D813	124	code
00D88F	12	unknown
00D89B	217	code
00D974	25	unknown
00D98D	232	code
00DA75	8	unknown
00DA7D	21	code
00DA92	5	unknown
00DA97	21	code
00DAAC	5	unknown
00DAB1	10	code
00DABB	16	unknown
00DACB	21	code
00DAE0	5	unknown
00DAE5	21	code
00DAFA	5	unknown
00DAFF	24	code
00DB17	5	unknown
00DB1C	26	code
00DB36	21	unknown
00DB4B	618	code
00DDB5	39	unknown
00DDDC	20	code
00DDF0	3	unknown
00DDF3	33	code
00DE14	6	unknown
00DE1A	239	code
00DF09	26	unknown
00DF23	146	code
00DFB5	38	unknown
00DFDB	5	code
00DFE0	4	unknown
00DFE4	83	code
00E037	65	unknown
00E078	50	code
00E0AA	9	unknown
00E0B3	81	code
00E104	49	unknown
00E135	254	code
00E233	11	unknown
00E23E	77	code
00E28B	675	unknown
00E52E	71	code
00E575	3	unknown
00E578	14	code
00E586	3	unknown
00E589	16	code
00E599	3	unknown
00E59C	18	code
00E5AE	3	unknown
00E5B1	16	code
00E5C1	3	unknown
00E5C4	14	code
00E5D2	3	unknown
00E5D5	361	code
00E73E	56	unknown
00E776	32	code
00E796	11	unknown
00E7A1	48	code
00E7D1	26	unknown
00E7EB	119	code
00E862	90	unknown
00E8BC	16	code
00E8CC	8	unknown
00E8D4	190	code
00E992	27	unknown
00E9AD	75	code
00E9F8	5	unknown
00E9FD	175	code
00EAAC	4	unknown
00EAB0	22	code
00EAC6	5	unknown
00EACB	92	code
00EB27	4	unknown
00EB2B	26	code
00EB45	4	unknown
00EB49	20	code
00EB5D	16	unknown
00EB6D	34	code
00EB8F	41	unknown
00EBB8	35	code
00EBDB	2	unknown
00EBDD	47	code
00EC0C	60	unknown
00EC48	243	code
00ED3B	4	unknown
00ED3F	41	code
00ED68	24	unknown
00ED80	75	code
00EDCB	374	unknown
00EF41	49	code
00EF72	8	unknown
00EF7A	214	code
00F050	4	unknown
00F054	7	code
00F05B	6	unknown
00F061	30	code
00F07F	1	unknown
00F080	227	code
00F163	479	unknown
00F342	7	code
00F349	6	unknown
00F34F	7	code
00F356	10	unknown
00F360	7	code
00F367	5	unknown
00F36C	7	code
00F373	10	unknown
00F37D	7	code
00F384	8	unknown
00F38C	7	code
00F393	10	unknown
00F39D	7	code
00F3A4	116	unknown
00F418	92	code
00F474	9	unknown
00F47D	120	code
00F4F5	220	unknown
00F5D1	45	code
00F5FE	5	unknown
00F603	5	code
00F608	25	unknown
00F621	5	code
00F626	30	unknown
00F644	15	code
00F653	141	unknown
00F6E0	25	code
00F6F9	5	unknown
00F6FE	25	code
00F717	5	unknown
00F71C	10	code
00F726	5	unknown
00F72B	5	code
00F730	5	unknown
00F735	5	code
00F73A	1	unknown
00F73B	10	code
00F745	15	unknown
00F754	5	code
00F759	15	unknown
00F768	15	code
00F777	5	unknown
00F77C	5	code
00F781	15	unknown
00F790	5	code
00F795	20	unknown
00F7A9	10	code
00F7B3	25	unknown
00F7CC	5	code
00F7D1	5	unknown
00F7D6	5	code
00F7DB	35	unknown
00F7FE	5	code
00F803	5	unknown
00F808	5	code
00F80D	20	unknown
00F821	10	code
00F82B	83	unknown
00F87E	5	code
00F883	10	unknown
00F88D	5	code
00F892	5	unknown
00F897	15	code
00F8A6	11	unknown
00F8B1	10	code
00F8BB	36	unknown
00F8DF	30	code
00F8FD	5	unknown
00F902	5	code
00F907	82	unknown
00F959	10	code
00F963	5	unknown
00F968	5	code
00F96D	10	unknown
00F977	5	code
00F97C	137	unknown
00FA05	5	code
00FA0A	147	unknown
00FA9D	5	code
00FAA2	15	unknown
00FAB1	5	code
00FAB6	10	unknown
00FAC0	5	code
00FAC5	35	unknown
00FAE8	5	code
00FAED	40	unknown
00FB15	5	code
00FB1A	75	unknown
00FB65	5	code
00FB6A	256	unknown
00FC6A	1	code
00FC6B	5	unknown
00FC70	5	code
00FC75	1	unknown
00FC76	20	code
00FC8A	5	unknown
00FC8F	10	code
00FC99	5	unknown
00FC9E	5	code
00FCA3	1	unknown
00FCA4	10	code
00FCAE	15	unknown
00FCBD	5	code
00FCC2	15	unknown
00FCD1	10	code
00FCDB	5	unknown
00FCE0	15	code
00FCEF	15	unknown
00FCFE	10	code
00FD08	5	unknown
00FD0D	10	code
00FD17	6	unknown
00FD1D	10	code
00FD27	10	unknown
00FD31	10	code
00FD3B	230	unknown
00FE21	5	code
00FE26	56	unknown
00FE5E	5	code
00FE63	10	unknown
00FE6D	10	code
00FE77	313	unknown
00FFB0	6	text
00FFB6	10	data8
00FFC0	21	text
00FFD5	7	data8
00FFDC	4	data16
00FFE0	32	pointer16
018000	110	code
01806E	42	unknown
018098	173	code
018145	23	unknown
01815C	47	code
01818B	4	unknown
01818F	61	code
0181CC	6	unknown
0181D2	115	code
018245	8	unknown
01824D	9	code
018256	864	unknown
0185B6	6	code
0185BC	10	unknown
0185C6	156	code
018662	10	unknown
01866C	89	code
0186C5	4	unknown
0186C9	85	code
01871E	4	unknown
018722	48	code
018752	6	unknown
018758	57	code
018791	186	unknown
01884B	6	code
018851	10	unknown
01885B	15	code
01886A	3	unknown
01886D	47	code
01889C	38	unknown
0188C2	161	code
018963	306	unknown
018A95	11	code
018AA0	39	unknown
018AC7	6	code
018ACD	10	unknown
018AD7	75	code
018B22	4	unknown
018B26	76	code
018B72	6	unknown
018B78	79	code
018BC7	4	unknown
018BCB	105	code
018C34	8325	unknown
01ACB9	5	code
01ACBE	6	unknown
01ACC4	182	code
01AD7A	12	unknown
01AD86	137	code
01AE0F	23	unknown
01AE26	5	code
01AE2B	5	unknown
01AE30	183	code
01AEE7	19	unknown
01AEFA	27	code
01AF15	4	unknown
01AF19	278	code
01B02F	33	unknown
01B050	84	code
01B0A4	9	unknown
01B0AD	49	code
01B0DE	4	unknown
01B0E2	12	code
01B0EE	4	unknown
01B0F2	222	code
01B1D0	14	unknown
01B1DE	116	code
01B252	2	unknown
01B254	204	code
01B320	6	unknown
01B326	54	code
01B35C	5	unknown
01B361	6	code
01B367	4	unknown
01B36B	222	code
01B449	1190	unknown
01B8EF	8	code
01B8F7	4	unknown
01B8FB	5	code
01B900	6	unknown
01B906	76	code
01B952	4	unknown
01B956	9	code
01B95F	65	unknown
01B9A0	6	code
01B9A6	6	unknown
01B9AC	174	code
01BA5A	14	unknown
01BA68	5	code
01BA6D	6	unknown
01BA73	96	code
01BAD3	4	unknown
01BAD7	33	code
01BAF8	6	unknown
01BAFE	174	code
01BBAC	4778	unknown
01CE56	88	code
01CEAE	688	unknown
01D15E	9	code
01D167	6	unknown
01D16D	53	code
01D1A2	5	unknown
01D1A7	5	code
01D1AC	469	unknown
01D381	22	code
01D397	86	unknown
01D3ED	6	code
01D3F3	7	unknown
01D3FA	57	code
01D433	6	unknown
01D439	86	code
01D48F	8	unknown
01D497	127	code
01D516	6	unknown
01D51C	14	code
01D52A	9	unknown
01D533	27	code
01D54E	9	unknown
01D557	14	code
01D565	2	unknown
01D567	4	code
01D56B	5	unknown
01D570	34	code
01D592	8	unknown
01D59A	76	code
01D5E6	158	unknown
01D684	32	code
01D6A4	8	unknown
01D6AC	120	code
01D724	34	unknown
01D746	9	code
01D74F	3	unknown
01D752	7	code
01D759	3	unknown
01D75C	9	code
01D765	3	unknown
01D768	243	code
01D85B	3	unknown
01D85E	7	code
01D865	13	unknown
01D872	85	code
01D8C7	3	unknown
01D8CA	77	code
01D917	6	unknown
01D91D	55	code
01D954	5	unknown
01D959	5	code
01D95E	6	unknown
01D964	57	code
01D99D	32	unknown
01D9BD	35	code
01D9E0	5	unknown
01D9E5	8	code
01D9ED	6	unknown
01D9F3	28	code
01DA0F	3	unknown
01DA12	15	code
01DA21	9	unknown
01DA2A	8	code
01DA32	23	unknown
01DA49	45	code
01DA76	5	unknown
01DA7B	20	code
01DA8F	7	unknown
01DA96	17	code
01DAA7	6	unknown
01DAAD	7	code
01DAB4	5	unknown
01DAB9	60	code
01DAF5	5	unknown
01DAFA	5	code
01DAFF	8	unknown
01DB07	48	code
01DB37	24	unknown
01DB4F	35	code
01DB72	5	unknown
01DB77	8	code
01DB7F	6	unknown
01DB85	14	code
01DB93	9	unknown
01DB9C	32	code
01DBBC	23	unknown
01DBD3	29	code
01DBF0	6	unknown
01DBF6	26	code
01DC10	10	unknown
01DC1A	106	code
01DC84	7	unknown
01DC8B	14	code
01DC99	10	unknown
01DCA3	51	code
01DCD6	5	unknown
01DCDB	217	code
01DDB4	7	unknown
01DDBB	421	code
01DF60	4	unknown
01DF64	5	code
01DF69	14	unknown
01DF77	37	code
01DF9C	4	unknown
01DFA0	177	code
01E051	6	unknown
01E057	22	code
01E06D	8	unknown
01E075	91	code
01E0D0	15	unknown
01E0DF	162	code
01E181	17	unknown
01E192	11	code
01E19D	3	unknown
01E1A0	171	code
01E24B	3	unknown
01E24E	191	code
01E30D	13	unknown
01E31A	3	code
01E31D	40	unknown
01E345	5	code
01E34A	6	unknown
01E350	7	code
01E357	4	unknown
01E35B	76	code
01E3A7	8	unknown
01E3AF	48	code
01E3DF	23	unknown
01E3F6	25	code
01E40F	5	unknown
01E414	16	code
01E424	12	unknown
01E430	15	code
01E43F	9	unknown
01E448	10	code
01E452	12	unknown
01E45E	5	code
01E463	232	unknown
01E54B	6	code
01E551	7	unknown
01E558	13	code
01E565	6	unknown
01E56B	60	code
01E5A7	6	unknown
01E5AD	220	code
01E689	6	unknown
01E68F	82	code
01E6E1	4	unknown
01E6E5	72	code
01E72D	6	unknown
01E733	98	code
01E795	2	unknown
01E797	12	code
01E7A3	29	unknown
01E7C0	67	code
01E803	3	unknown
01E806	62	code
01E844	6	unknown
01E84A	29	code
01E867	3	unknown
01E86A	7	code
01E871	3	unknown
01E874	7	code
01E87B	3	unknown
01E87E	41	code
01E8A7	3	unknown
01E8AA	7	code
01E8B1	3	unknown
01E8B4	139	code
01E93F	1	unknown
01E940	55	code
01E977	12	unknown
01E983	217	code
01EA5C	11	unknown
01EA67	38	code
01EA8D	4	unknown
01EA91	26	code
01EAAB	6	unknown
01EAB1	185	code
01EB6A	200	unknown
01EC32	5	code
01EC37	6	unknown
01EC3D	54	code
01EC73	4	unknown
01EC77	20	code
01EC8B	4	unknown
01EC8F	108	code
01ECFB	877	unknown
01F068	20	code
01F07C	3	unknown
01F07F	120	code
01F0F7	17	unknown
01F108	16	code
01F118	3	unknown
01F11B	30	code
01F139	62	unknown
01F177	31	code
01F196	3	unknown
01F199	39	code
01F1C0	6	unknown
01F1C6	57	code
01F1FF	1	unknown
01F200	17	code
01F211	5	unknown
01F216	10	code
01F220	4	unknown
01F224	59	code
01F25F	6	unknown
01F265	51	code
01F298	4	unknown
01F29C	5	code
01F2A1	12	unknown
01F2AD	27	code
01F2C8	2	unknown
01F2CA	10	code
01F2D4	200	unknown
01F39C	10	code
01F3A6	10	unknown
01F3B0	47	code
01F3DF	38	unknown
01F405	21	code
01F41A	2	unknown
01F41C	13	code
01F429	94	unknown
01F487	23	code
01F49E	540	unknown
01F6BA	5	code
01F6BF	6	unknown
01F6C5	40	code
01F6ED	1	unknown
01F6EE	203	code
01F7B9	813	unknown
01FAE6	5	code
01FAEB	6	unknown
01FAF1	90	code
01FB4B	281	unknown
01FC64	17	code
01FC75	4	unknown
01FC79	19	code
01FC8C	5	unknown
01FC91	28	code
01FCAD	4	unknown
01FCB1	1	code
01FCB2	109	unknown
01FD1F	22	code
01FD35	4	unknown
01FD39	18	code
01FD4B	4	unknown
01FD4F	66	code
01FD91	36	unknown
01FDB5	63	code
01FDF4	7	unknown
01FDFB	10	code
01FE05	507	unknown
028000	12690	unknown
02B192	5	code
02B197	8	unknown
02B19F	11	code
02B1AA	4	unknown
02B1AE	96	code
02B20E	4	unknown
02B212	10	code
02B21C	7	unknown
02B223	9	code
02B22C	10	unknown
02B236	10	code
02B240	3	unknown
02B243	63	code
02B282	6	unknown
02B288	41	code
02B2B1	1	unknown
02B2B2	45	code
02B2DF	6	unknown
02B2E5	210	code
02B3B7	6	unknown
02B3BD	62	code
02B3FB	14	unknown
02B409	5	code
02B40E	3	unknown
02B411	178	code
02B4C3	8	unknown
02B4CB	153	code
02B564	4	unknown
02B568	34	code
02B58A	2	unknown
02B58C	37	code
02B5B1	11	unknown
02B5BC	5	code
02B5C1	12	unknown
02B5CD	8	code
02B5D5	6	unknown
02B5DB	70	code
02B621	18	unknown
02B633	39	code
02B65A	53	unknown
02B68F	115	code
02B702	25	unknown
02B71B	34	code
02B73D	217	unknown
02B816	133	code
02B89B	4	unknown
02B89F	166	code
02B945	888	unknown
02BCBD	5	code
02BCC2	8	unknown
02BCCA	7	code
02BCD1	4	unknown
02BCD5	34	code
02BCF7	3	unknown
02BCFA	177	code
02BDAB	8	unknown
02BDB3	47	code
02BDE2	9	unknown
02BDEB	67	code
02BE2E	24	unknown
02BE46	5	code
02BE4B	10	unknown
02BE55	153	code
02BEEE	54	unknown
02BF24	5	code
02BF29	6	unknown
02BF2F	165	code
02BFD4	2	unknown
02BFD6	21	code
02BFEB	35	unknown
02C00E	19	code
02C021	3	unknown
02C024	5	code
02C029	6	unknown
02C02F	76	code
02C07B	6	unknown
02C081	4	code
02C085	4	unknown
02C089	5	code
02C08E	4	unknown
02C092	122	code
02C10C	11	unknown
02C117	4	code
02C11B	10	unknown
02C125	65	code
02C166	8	unknown
02C16E	70	code
02C1B4	982	unknown
02C58A	4	code
02C58E	5	unknown
02C593	7	code
02C59A	166	unknown
02C640	27	code
02C65B	5	unknown
02C660	10	code
02C66A	6	unknown
02C670	142	code
02C6FE	10	unknown
02C708	5	code
02C70D	6	unknown
02C713	5	code
02C718	6	unknown
02C71E	20	code
02C732	10	unknown
02C73C	6	code
02C742	9	unknown
02C74B	11	code
02C756	35	unknown
02C779	5	code
02C77E	6	unknown
02C784	20	code
02C798	13	unknown
02C7A5	15	code
02C7B4	67	unknown
02C7F7	5	code
02C7FC	6	unknown
02C802	13	code
02C80F	14	unknown
02C81D	1	code
02C81E	42	unknown
02C848	45	code
02C875	10	unknown
02C87F	40	code
02C8A7	8	unknown
02C8AF	5	code
02C8B4	6	unknown
02C8BA	47	code
02C8E9	6	unknown
02C8EF	10	code
02C8F9	10	unknown
02C903	57	code
02C93C	15	unknown
02C94B	1	code
02C94C	8	unknown
02C954	5	code
02C959	5	unknown
02C95E	9	code
02C967	144	unknown
02C9F7	14	code
02CA05	24	unknown
02CA1D	24	code
02CA35	23	unknown
02CA4C	22	code
02CA62	11	unknown
02CA6D	3	code
02CA70	100	unknown
02CAD4	10	code
02CADE	7	unknown
02CAE5	10	code
02CAEF	2066	unknown
02D301	5	code
02D306	6	unknown
02D30C	183	code
02D3C3	4	unknown
02D3C7	242	code
02D4B9	6	unknown
02D4BF	5	code
02D4C4	6	unknown
02D4CA	117	code
02D53F	18	unknown
02D551	236	code
02D63D	6	unknown
02D643	92	code
02D69F	11	unknown
02D6AA	148	code
02D73E	1	unknown
02D73F	16	code
02D74F	204	unknown
02D81B	5	code
02D820	6	unknown
02D826	201	code
02D8EF	6	unknown
02D8F5	45	code
02D922	2374	unknown
02E268	34	code
02E28A	18	unknown
02E29C	114	code
02E30E	6	unknown
02E314	38	code
02E33A	4	unknown
02E33E	75	code
02E389	390	unknown
02E50F	12	code
02E51B	6	unknown
02E521	72	code
02E569	20	unknown
02E57D	135	code
02E604	8	unknown
02E60C	248	code
02E704	8	unknown
02E70C	29	code
02E729	8	unknown
02E731	57	code
02E76A	6	unknown
02E770	29	code
02E78D	6	unknown
02E793	33	code
02E7B4	23	unknown
02E7CB	92	code
02E827	757	unknown
02EB1C	15	code
02EB2B	4	unknown
02EB2F	186	code
02EBE9	5143	unknown
038000	3319	unknown
038CF7	5	code
038CFC	6	unknown
038D02	125	code
038D7F	4	unknown
038D83	5	code
038D88	20	unknown
038D9C	10	code
038DA6	12	unknown
038DB2	276	code
038EC6	181	unknown
038F7B	1	code
038F7C	68	unknown
038FC0	1	code
038FC1	58	unknown
038FFB	5	code
039000	6	unknown
039006	61	code
039043	4	unknown
039047	45	code
039074	5	unknown
039079	76	code
0390C5	9471	unknown
03B5C4	95	code
03B623	8102	unknown
03D5C9	6	code
03D5CF	16	unknown
03D5DF	33	code
03D600	6	unknown
03D606	37	code
03D62B	5	unknown
03D630	122	code
03D6AA	5	unknown
03D6AF	14	code
03D6BD	6	unknown
03D6C3	81	code
03D714	8	unknown
03D71C	30	code
03D73A	19	unknown
03D74D	313	code
03D886	10	unknown
03D890	224	code
03D970	10	unknown
03D97A	185	code
03DA33	8	unknown
03DA3B	167	code
03DAE2	10	unknown
03DAEC	6	code
03DAF2	8	unknown
03DAFA	7	code
03DB01	9	unknown
03DB0A	193	code
03DBCB	3	unknown
03DBCE	51	code
03DC01	3	unknown
03DC04	28	code
03DC20	10	unknown
03DC2A	120	code
03DCA2	4	unknown
03DCA6	168	code
03DD4E	4	unknown
03DD52	102	code
03DDB8	3339	unknown
03EAC3	69	code
03EB08	32	unknown
03EB28	36	code
03EB4C	12	unknown
03EB58	86	code
03EBAE	1	unknown
03EBAF	4	code
03EBB3	16	unknown
03EBC3	52	code
03EBF7	199	unknown
03ECBE	5	code
03ECC3	16	unknown
03ECD3	8	code
03ECDB	8	unknown
03ECE3	27	code
03ECFE	3	unknown
03ED01	135	code
03ED88	4	unknown
03ED8C	46	code
03EDBA	8	unknown
03EDC2	123	code
03EE3D	35	unknown
03EE60	48	code
03EE90	10	unknown
03EE9A	53	code
03EECF	14	unknown
03EEDD	30	code
03EEFB	14	unknown
03EF09	132	code
03EF8D	6	unknown
03EF93	110	code
03F001	8	unknown
03F009	245	code
03F0FE	3	unknown
03F101	51	code
03F134	3	unknown
03F137	181	code
03F1EC	75	unknown
03F237	6	code
03F23D	4	unknown
03F241	105	code
03F2AA	4	unknown
03F2AE	120	code
03F326	3290	unknown
048000	5	code
048005	6	unknown
04800B	117	code
048080	321	unknown
0481C1	42	code
0481EB	3	unknown
0481EE	324	code
048332	4498	unknown
0494C4	9	code
0494CD	6	unknown
0494D3	5	code
0494D8	6	unknown
0494DE	104	code
049546	3	unknown
049549	59	code
049584	10	unknown
04958E	5	code
049593	4	unknown
049597	42	code
0495C1	127	unknown
049640	5	code
049645	8	unknown
04964D	189	code
04970A	31	unknown
049729	39	code
049750	10	unknown
04975A	211	code
04982D	4	unknown
049831	35	code
049854	16	unknown
049864	46	code
049892	51	unknown
0498C5	6	code
0498CB	8	unknown
0498D3	66	code
049915	4	unknown
049919	33	code
04993A	14	unknown
049948	33	code
049969	5	unknown
04996E	18	code
049980	4	unknown
049984	82	code
0499D6	9	unknown
0499DF	4	code
0499E3	20	unknown
0499F7	56	code
049A2F	6	unknown
049A35	5	code
049A3A	6	unknown
049A40	11	code
049A4B	3	unknown
049A4E	123	code
049AC9	3	unknown
049ACC	62	code
049B0A	16	unknown
049B1A	435	code
049CCD	4	unknown
049CD1	80	code
049D21	21	unknown
049D36	39	code
049D5D	14	unknown
049D6B	98	code
049DCD	10	unknown
049DD7	10	code
049DE1	10	unknown
049DEB	187	code
049EA6	22	unknown
049EBC	232	code
049FA4	3	unknown
049FA7	54	code
049FDD	3	unknown
049FE0	54	code
04A016	3	unknown
04A019	45	code
04A046	25	unknown
04A05F	82	code
04A0B1	4	unknown
04A0B5	19	code
04A0C8	10	unknown
04A0D2	38	code
04A0F8	4	unknown
04A0FC	5	code
04A101	47	unknown
04A130	20	code
04A144	8	unknown
04A14C	41	code
04A175	7	unknown
04A17C	59	code
04A1B7	7	unknown
04A1BE	168	code
04A266	22	unknown
04A27C	72	code
04A2C4	3	unknown
04A2C7	170	code
04A371	7	unknown
04A378	56	code
04A3B0	10	unknown
04A3BA	40	code
04A3E2	107	unknown
04A44D	168	code
04A4F5	12	unknown
04A501	363	code
04A66C	121	unknown
04A6E5	6	code
04A6EB	8	unknown
04A6F3	31	code
04A712	5	unknown
04A717	53	code
04A74C	417	unknown
04A8ED	36	code
04A911	20	unknown
04A925	169	code
04A9CE	5275	unknown
04BE69	38	code
04BE8F	3327	unknown
04CB8E	165	code
04CC33	2778	unknown
04D70D	246	code
04D803	19	unknown
04D816	19	code
04D829	776	unknown
04DB31	41	code
04DB5A	4	unknown
04DB5E	105	code
04DBC7	30	unknown
04DBE5	49	code
04DC16	6	unknown
04DC1C	140	code
04DCA8	4	unknown
04DCAC	15	code
04DCBB	8	unknown
04DCC3	46	code
04DCF1	6	unknown
04DCF7	121	code
04DD70	8848	unknown
058000	32768	unknown
068000	32768	unknown
078000	347	code
07815B	24	unknown
078173	41	code
07819C	6	unknown
0781A2	413	code
07833F	1	unknown
078340	333	code
07848D	1569	unknown
078AAE	6	code
078AB4	6	unknown
078ABA	19	code
078ACD	6	unknown
078AD3	79	code
078B22	1	unknown
078B23	5	code
078B28	8	unknown
078B30	101	code
078B95	3	unknown
078B98	118	code
078C0E	4	unknown
078C12	28	code
078C2E	5	unknown
078C33	5	code
078C38	3	unknown
078C3B	34	code
078C5D	6	unknown
078C63	140	code
078CEF	24	unknown
078D07	21	code
078D1C	8	unknown
078D24	76	code
078D70	17	unknown
078D81	139	code
078E0C	9	unknown
078E15	37	code
078E3A	29	unknown
078E57	206	code
078F25	3	unknown
078F28	147	code
078FBB	10	unknown
078FC5	116	code
079039	24	unknown
079051	94	code
0790AF	102	unknown
079115	5	code
07911A	4	unknown
07911E	112	code
07918E	12	unknown
07919A	154	code
079234	2	unknown
079236	52	code
07926A	6	unknown
079270	184	code
079328	1	unknown
079329	5	code
07932E	14	unknown
07933C	5	code
079341	14	unknown
07934F	273	code
079460	24	unknown
079478	104	code
0794E0	4	unknown
0794E4	6	code
0794EA	6	unknown
0794F0	124	code
07956C	3	unknown
07956F	17	code
079580	6	unknown
079586	127	code
079605	3	unknown
079608	259	code
07970B	61	unknown
079748	100	code
0797AC	2	unknown
0797AE	26	code
0797C8	6	unknown
0797CE	112	code
07983E	1	unknown
07983F	93	code
07989C	1	unknown
07989D	9	code
0798A6	18	unknown
0798B8	56	code
0798F0	2	unknown
0798F2	17	code
079903	36	unknown
079927	115	code
07999A	3	unknown
07999D	5	code
0799A2	3	unknown
0799A5	104	code
079A0D	3	unknown
079A10	93	code
079A6D	6	unknown
079A73	59	code
079AAE	21	unknown
079AC3	5	code
079AC8	4	unknown
079ACC	45	code
079AF9	4	unknown
079AFD	22	code
079B13	4	unknown
079B17	16	code
079B27	4	unknown
079B2B	22	code
079B41	4	unknown
079B45	22	code
079B5B	4	unknown
079B5F	16	code
079B6F	4	unknown
079B73	31	code
079B92	6	unknown
079B98	61	code
079BD5	21	unknown
079BEA	5	code
079BEF	4	unknown
079BF3	45	code
079C20	4	unknown
079C24	22	code
079C3A	4	unknown
079C3E	16	code
079C4E	4	unknown
079C52	22	code
079C68	4	unknown
079C6C	22	code
079C82	4	unknown
079C86	16	code
079C96	4	unknown
079C9A	17	code
079CAB	1	unknown
079CAC	14	code
079CBA	6	unknown
079CC0	54	code
079CF6	24	unknown
079D0E	6	code
079D14	4	unknown
079D18	39	code
079D3F	4	unknown
079D43	17	code
079D54	86	unknown
079DAA	5	code
079DAF	4	unknown
079DB3	22	code
079DC9	4	unknown
079DCD	22	code
079DE3	4	unknown
079DE7	31	code
079E06	6	unknown
079E0C	56	code
079E44	24	unknown
079E5C	6	code
079E62	4	unknown
079E66	39	code
079E8D	4	unknown
079E91	17	code
079EA2	53	unknown
079ED7	30	code
079EF5	4	unknown
079EF9	22	code
079F0F	4	unknown
079F13	22	code
079F29	4	unknown
079F2D	31	code
079F4C	6	unknown
079F52	148	code
079FE6	6	unknown
079FEC	52	code
07A020	22	unknown
07A036	6	code
07A03C	8	unknown
07A044	28	code
07A060	124	unknown
07A0DC	5	code
07A0E1	4	unknown
07A0E5	37	code
07A10A	4	unknown
07A10E	24	code
07A126	6	unknown
07A12C	188	code
07A1E8	6	unknown
07A1EE	37	code
07A213	6	unknown
07A219	56	code
07A251	24	unknown
07A269	1	code
07A26A	27	unknown
07A285	28	code
07A2A1	4	unknown
07A2A5	16	code
07A2B5	4	unknown
07A2B9	78	code
07A307	10	unknown
07A311	11	code
07A31C	10	unknown
07A326	111	code
07A395	4	unknown
07A399	60	code
07A3D5	638	unknown
07A653	5	code
07A658	6	unknown
07A65E	7	code
07A665	4	unknown
07A669	144	code
07A6F9	16	unknown
07A709	10	code
07A713	3	unknown
07A716	113	code
07A787	30	unknown
07A7A5	23	code
07A7BC	4	unknown
07A7C0	12	code
07A7CC	78	unknown
07A81A	5	code
07A81F	8	unknown
07A827	58	code
07A861	9	unknown
07A86A	27	code
07A885	9	unknown
07A88E	18	code
07A8A0	170	unknown
07A94A	5	code
07A94F	8	unknown
07A957	187	code
07AA12	237	unknown
07AAFF	16	code
07AB0F	4	unknown
07AB13	114	code
07AB85	3	unknown
07AB88	85	code
07ABDD	6	unknown
07ABE3	98	code
07AC45	4	unknown
07AC49	26	code
07AC63	10	unknown
07AC6D	29	code
07AC8A	21	unknown
07AC9F	11	code
07ACAA	34	unknown
07ACCC	87	code
07AD23	11	unknown
07AD2E	9	code
07AD37	1	unknown
07AD38	54	code
07AD6E	1	unknown
07AD6F	27	code
07AD8A	5	unknown
07AD8F	18	code
07ADA1	88	unknown
07ADF9	37	code
07AE1E	5	unknown
07AE23	7	code
07AE2A	6	unknown
07AE30	108	code
07AE9C	4	unknown
07AEA0	3	code
07AEA3	12	unknown
07AEAF	10	code
07AEB9	3	unknown
07AEBC	63	code
07AEFB	6	unknown
07AF01	110	code
07AF6F	4	unknown
07AF73	7	code
07AF7A	7	unknown
07AF81	21	code
07AF96	3	unknown
07AF99	72	code
07AFE1	7	unknown
07AFE8	70	code
07B02E	6	unknown
07B034	14	code
07B042	3	unknown
07B045	18	code
07B057	120	unknown
07B0CF	11	code
07B0DA	10	unknown
07B0E4	14	code
07B0F2	3	unknown
07B0F5	149	code
07B18A	11	unknown
07B195	4	code
07B199	1	unknown
07B19A	20	code
07B1AE	104	unknown
07B216	5	code
07B21B	10	unknown
07B225	17	code
07B236	6	unknown
07B23C	213	code
07B311	58	unknown
07B34B	59	code
07B386	4	unknown
07B38A	51	code
07B3BD	4	unknown
07B3C1	18	code
07B3D3	10375	unknown
07DC5A	5	code
07DC5F	4	unknown
07DC63	40	code
07DC8B	4	unknown
07DC8F	55	code
07DCC6	16	unknown
07DCD6	140	code
07DD62	80	unknown
07DDB2	91	code
07DE0D	41	unknown
07DE36	14	code
07DE44	40	unknown
07DE6C	4	code
07DE70	40	unknown
07DE98	41	code
07DEC1	4763	unknown
07F15C	5	code
07F161	6	unknown
07F167	96	code
07F1C7	6	unknown
07F1CD	98	code
07F22F	8	unknown
07F237	109	code
07F2A4	12	unknown
07F2B0	21	code
07F2C5	1	unknown
07F2C6	169	code
07F36F	4	unknown
07F373	464	code
07F543	260	unknown
07F647	5	code
07F64C	6	unknown
07F652	39	code
07F679	4	unknown
07F67D	28	code
07F699	7	unknown
07F6A0	62	code
07F6DE	4	unknown
07F6E2	130	code
07F764	7	unknown
07F76B	165	code
07F810	12	unknown
07F81C	5	code
07F821	10	unknown
07F82B	67	code
07F86E	1	unknown
07F86F	5	code
07F874	10	unknown
07F87E	263	code
07F985	10	unknown
07F98F	104	code
07F9F7	1	unknown
07F9F8	5	code
07F9FD	10	unknown
07FA07	112	code
07FA77	10	unknown
07FA81	396	code
07FC0D	282	unknown
07FD27	94	code
07FD85	1	unknown
07FD86	192	code
07FE46	77	unknown
07FE93	229	code
07FF78	136	unknown
088000	5160	unknown
089428	53	code
08945D	6	unknown
089463	99	code
0894C6	4	unknown
0894CA	46	code
0894F8	22	unknown
08950E	7	code
089515	10	unknown
08951F	7	code
089526	7	unknown
08952D	263	code
089634	102	unknown
08969A	5	code
08969F	4	unknown
0896A3	52	code
0896D7	3	unknown
0896DA	83	code
08972D	3	unknown
089730	11	code
08973B	7	unknown
089742	13	code
08974F	4	unknown
089753	99	code
0897B6	4	unknown
0897BA	97	code
08981B	6	unknown
089821	5	code
089826	1	unknown
089827	5	code
08982C	6	unknown
089832	103	code
089899	9	unknown
0898A2	5	code
0898A7	4	unknown
0898AB	15	code
0898BA	11	unknown
0898C5	55	code
0898FC	60	unknown
089938	48	code
089968	12	unknown
089974	10	code
08997E	4	unknown
089982	80	code
0899D2	4	unknown
0899D6	9	code
0899DF	2	unknown
0899E1	44	code
089A0D	8	unknown
089A15	14	code
089A23	2	unknown
089A25	48	code
089A55	12	unknown
089A61	48	code
089A91	8	unknown
089A99	65	code
089ADA	5	unknown
089ADF	66	code
089B21	5	unknown
089B26	6	code
089B2C	3	unknown
089B2F	6	code
089B35	59	unknown
089B70	38	code
089B96	9	unknown
089B9F	12	code
089BAB	4	unknown
089BAF	153	code
089C48	9	unknown
089C51	4	code
089C55	3	unknown
089C58	96	code
089CB8	5	unknown
089CBD	71	code
089D04	129	unknown
089D85	40	code
089DAD	5	unknown
089DB2	4	code
089DB6	5	unknown
089DBB	6	code
089DC1	3	unknown
089DC4	9	code
089DCD	1810	unknown
08A4DF	169	code
08A588	84	unknown
08A5DC	5	code
08A5E1	6	unknown
08A5E7	80	code
08A637	8	unknown
08A63F	10	code
08A649	3	unknown
08A64C	204	code
08A718	13	unknown
08A725	30	code
08A743	6	unknown
08A749	82	code
08A79B	2	unknown
08A79D	3	code
08A7A0	253	unknown
08A89D	8	code
08A8A5	14	unknown
08A8B3	510	code
08AAB1	314	unknown
08ABEB	5	code
08ABF0	8	unknown
08ABF8	101	code
08AC5D	5	unknown
08AC62	28	code
08AC7E	225	unknown
08AD5F	22	code
08AD75	818	unknown
08B0A7	5	code
08B0AC	1	unknown
08B0AD	5	code
08B0B2	16	unknown
08B0C2	50	code
08B0F4	16	unknown
08B104	19	code
08B117	2	unknown
08B119	25	code
08B132	14	unknown
08B140	2	code
08B142	25	unknown
08B15B	55	code
08B192	6	unknown
08B198	191	code
08B257	3	unknown
08B25A	103	code
08B2C1	53	unknown
08B2F6	38	code
08B31C	8	unknown
08B324	58	code
08B35E	2	unknown
08B360	30	code
08B37E	5	unknown
08B383	11	code
08B38E	5	unknown
08B393	16	code
08B3A3	831	unknown
08B6E2	23	code
08B6F9	24	unknown
08B711	22	code
08B727	10	unknown
08B731	30	code
08B74F	11	unknown
08B75A	82	code
08B7AC	24	unknown
08B7C4	22	code
08B7DA	10	unknown
08B7E4	30	code
08B802	11	unknown
08B80D	54	code
08B843	19	unknown
08B856	6	code
08B85C	6	unknown
08B862	38	code
08B888	158	unknown
08B926	95	code
08B985	2	unknown
08B987	33	code
08B9A8	8	unknown
08B9B0	1	code
08B9B1	3	unknown
08B9B4	138	code
08BA3E	9	unknown
08BA47	36	code
08BA6B	7	unknown
08BA72	7	code
08BA79	13	unknown
08BA86	8	code
08BA8E	15	unknown
08BA9D	7	code
08BAA4	28	unknown
08BAC0	18	code
08BAD2	21	unknown
08BAE7	10	code
08BAF1	4	unknown
08BAF5	23	code
08BB0C	54	unknown
08BB42	42	code
08BB6C	10	unknown
08BB76	3	code
08BB79	19	unknown
08BB8C	61	code
08BBC9	7	unknown
08BBD0	35	code
08BBF3	10	unknown
08BBFD	16	code
08BC0D	12	unknown
08BC19	64	code
08BC59	1	unknown
08BC5A	96	code
08BCBA	20	unknown
08BCCE	1	code
08BCCF	117	unknown
08BD44	13	code
08BD51	40	unknown
08BD79	33	code
08BD9A	69	unknown
08BDDF	7	code
08BDE6	49	unknown
08BE17	71	code
08BE5E	21	unknown
08BE73	93	code
08BED0	3	unknown
08BED3	41	code
08BEFC	13	unknown
08BF09	6	code
08BF0F	8	unknown
08BF17	6	code
08BF1D	36	unknown
08BF41	4	code
08BF45	103	unknown
08BFAC	19	code
08BFBF	16	unknown
08BFCF	69	code
08C014	6	unknown
08C01A	10	code
08C024	2	unknown
08C026	10	code
08C030	30	unknown
08C04E	18	code
08C060	79	unknown
08C0AF	3	code
08C0B2	45	unknown
08C0DF	6	code
08C0E5	69	unknown
08C12A	7	code
08C131	61	unknown
08C16E	25	code
08C187	2	unknown
08C189	95	code
08C1E8	2	unknown
08C1EA	183	code
08C2A1	5	unknown
08C2A6	54	code
08C2DC	3	unknown
08C2DF	18	code
08C2F1	11	unknown
08C2FC	17	code
08C30D	7	unknown
08C314	46	code
08C342	4	unknown
08C346	11	code
08C351	18	unknown
08C363	80	code
08C3B3	3	unknown
08C3B6	142	code
08C444	13	unknown
08C451	7	code
08C458	28	unknown
08C474	7	code
08C47B	100	unknown
08C4DF	1	code
08C4E0	9	unknown
08C4E9	37	code
08C50E	1	unknown
08C50F	23	code
08C526	7	unknown
08C52D	6	code
08C533	8	unknown
08C53B	43	code
08C566	8	unknown
08C56E	1	code
08C56F	161	unknown
08C610	26	code
08C62A	19	unknown
08C63D	12	code
08C649	3	unknown
08C64C	169	code
08C6F5	16	unknown
08C705	338	code
08C857	10	unknown
08C861	112	code
08C8D1	37	unknown
08C8F6	427	code
08CAA1	20	unknown
08CAB5	17	code
08CAC6	124	unknown
08CB42	163	code
08CBE5	67	unknown
08CC28	4	code
08CC2C	16	unknown
08CC3C	131	code
08CCBF	3	unknown
08CCC2	66	code
08CD04	16	unknown
08CD14	57	code
08CD4D	17	unknown
08CD5E	36	code
08CD82	3	unknown
08CD85	295	code
08CEAC	8	unknown
08CEB4	65	code
08CEF5	136	unknown
08CF7D	45	code
08CFAA	100	unknown
08D00E	54	code
08D044	128	unknown
08D0C4	45	code
08D0F1	49	unknown
08D122	136	code
08D1AA	128	unknown
08D22A	144	code
08D2BA	18	unknown
08D2CC	6	code
08D2D2	19	unknown
08D2E5	60	code
08D321	18	unknown
08D333	6	code
08D339	19	unknown
08D34C	72	code
08D394	18	unknown
08D3A6	6	code
08D3AC	19	unknown
08D3BF	64	code
08D3FF	18	unknown
08D411	6	code
08D417	19	unknown
08D42A	85	code
08D47F	47	unknown
08D4AE	4	code
08D4B2	14	unknown
08D4C0	43	code
08D4EB	30	unknown
08D509	37	code
08D52E	3	unknown
08D531	29	code
08D54E	6	unknown
08D554	3	code
08D557	82	unknown
08D5A9	88	code
08D601	9	unknown
08D60A	117	code
08D67F	3	unknown
08D682	117	code
08D6F7	3	unknown
08D6FA	130	code
08D77C	25	unknown
08D795	64	code
08D7D5	144	unknown
08D865	5	code
08D86A	3	unknown
08D86D	283	code
08D988	71	unknown
08D9CF	7	code
08D9D6	4	unknown
08D9DA	22	code
08D9F0	13	unknown
08D9FD	24	code
08DA15	134	unknown
08DA9B	19	code
08DAAE	4	unknown
08DAB2	69	code
08DAF7	6	unknown
08DAFD	78	code
08DB4B	9	unknown
08DB54	37	code
08DB79	4	unknown
08DB7D	38	code
08DBA3	9	unknown
08DBAC	26	code
08DBC6	25	unknown
08DBDF	41	code
08DC08	3	unknown
08DC0B	36	code
08DC2F	13	unknown
08DC3C	25	code
08DC55	15	unknown
08DC64	15	code
08DC73	8	unknown
08DC7B	26	code
08DC95	7	unknown
08DC9C	96	code
08DCFC	6	unknown
08DD02	19	code
08DD15	85	unknown
08DD6A	277	code
08DE7F	53	unknown
08DEB4	211	code
08DF87	34	unknown
08DFA9	9	code
08DFB2	3	unknown
08DFB5	88	code
08E00D	16	unknown
08E01D	4	code
08E021	2	unknown
08E023	12	code
08E02F	6	unknown
08E035	43	code
08E060	94	unknown
08E0BE	478	code
08E29C	56	unknown
08E2D4	24	code
08E2EC	4	unknown
08E2F0	1	code
08E2F1	18	unknown
08E303	355	code
08E466	3	unknown
08E469	165	code
08E50E	4375	unknown
08F625	9	code
08F62E	9	unknown
08F637	10	code
08F641	1803	unknown
08FD4C	84	code
08FDA0	608	unknown
098000	32768	unknown
0A8000	32768	unknown
0B8000	32768	unknown
0C8000	32768	unknown
0D8000	32768	unknown
0E8000	32768	unknown
0F8000	32768	unknown
108000	32768	unknown
118000	32768	unknown
128000	32768	unknown
138000	32768	unknown
148000	32768	unknown
158000	31187	unknown
15F9D3	76	code
15FA1F	1505	unknown
168000	32768	unknown
178000	32768	unknown
188000	32768	unknown
198000	32768	unknown
1A8000	32768	unknown
1B8000	32768	unknown
1C8000	32768	unknown
1D8000	32768	unknown
1E8000	32768	unknown
1F8000	32768	unknown
208000	32768	unknown
218000	32768	unknown
228000	32768	unknown
238000	32768	unknown
248000	32768	unknown
258000	32768	unknown
268000	32768	unknown
278000	32768	unknown
288000	32768	unknown
298000	11899	unknown
29AE7B	9	code
29AE84	4	unknown
29AE88	5	code
29AE8D	6	unknown
29AE93	118	code
29AF09	16	unknown
29AF19	11	code
29AF24	13	unknown
29AF31	18	code
29AF43	4	unknown
29AF47	13	code
29AF54	4	unknown
29AF58	31	code
29AF77	179	unknown
29B02A	5	code
29B02F	10	unknown
29B039	33	code
29B05A	72	unknown
29B0A2	5	code
29B0A7	92	unknown
29B103	4	code
29B107	8	unknown
29B10F	1	code
29B110	65	unknown
29B151	5	code
29B156	6	unknown
29B15C	83	code
29B1AF	4	unknown
29B1B3	12	code
29B1BF	16	unknown
29B1CF	5	code
29B1D4	9	unknown
29B1DD	29	code
29B1FA	10	unknown
29B204	28	code
29B220	4	unknown
29B224	19	code
29B237	10	unknown
29B241	45	code
29B26E	6	unknown
29B274	41	code
29B29D	123	unknown
29B318	22	code
29B32E	5947	unknown
29CA69	5	code
29CA6E	514	unknown
29CC70	5	code
29CC75	10	unknown
29CC7F	87	code
29CCD6	13098	unknown
2A8000	10257	unknown
2AA811	58	code
2AA84B	3	unknown
2AA84E	3	code
2AA851	15	unknown
2AA860	89	code
2AA8B9	4	unknown
2AA8BD	90	code
2AA917	10	unknown
2AA921	63	code
2AA960	7	unknown
2AA967	29	code
2AA984	101	unknown
2AA9E9	183	code
2AAAA0	3	unknown
2AAAA3	15	code
2AAAB2	3	unknown
2AAAB5	22	code
2AAACB	41	unknown
2AAAF4	97	code
2AAB55	5	unknown
2AAB5A	13	code
2AAB67	4	unknown
2AAB6B	17	code
2AAB7C	5	unknown
2AAB81	19	code
2AAB94	3	unknown
2AAB97	56	code
2AABCF	22	unknown
2AABE5	33	code
2AAC06	348	unknown
2AAD62	14	code
2AAD70	4	unknown
2AAD74	68	code
2AADB8	4	unknown
2AADBC	86	code
2AAE12	10	unknown
2AAE1C	31	code
2AAE3B	4	unknown
2AAE3F	5	code
2AAE44	111	unknown
2AAEB3	17	code
2AAEC4	5	unknown
2AAEC9	22	code
2AAEDF	20	unknown
2AAEF3	6	code
2AAEF9	1	unknown
2AAEFA	20	code
2AAF0E	6	unknown
2AAF14	48	code
2AAF44	6	unknown
2AAF4A	10	code
2AAF54	8	unknown
2AAF5C	48	code
2AAF8C	1	unknown
2AAF8D	422	code
2AB133	4	unknown
2AB137	12	code
2AB143	45	unknown
2AB170	134	code
2AB1F6	8	unknown
2AB1FE	96	code
2AB25E	2	unknown
2AB260	33	code
2AB281	4	unknown
2AB285	79	code
2AB2D4	3319	unknown
2ABFCB	10	code
2ABFD5	6	unknown
2ABFDB	8	code
2ABFE3	4	unknown
2ABFE7	41	code
2AC010	6	unknown
2AC016	34	code
2AC038	5	unknown
2AC03D	293	code
2AC162	4	unknown
2AC166	4	code
2AC16A	1	unknown
2AC16B	65	code
2AC1AC	17	unknown
2AC1BD	37	code
2AC1E2	12066	unknown
2AF104	36	code
2AF128	4	unknown
2AF12C	89	code
2AF185	238	unknown
2AF273	42	code
2AF29D	6	unknown
2AF2A3	44	code
2AF2CF	8	unknown
2AF2D7	10	code
2AF2E1	12	unknown
2AF2ED	288	code
2AF40D	193	unknown
2AF4CE	27	code
2AF4E9	10	unknown
2AF4F3	64	code
2AF533	142	unknown
2AF5C1	7	code
2AF5C8	12	unknown
2AF5D4	5	code
2AF5D9	6	unknown
2AF5DF	59	code
2AF61A	12	unknown
2AF626	9	code
2AF62F	8	unknown
2AF637	241	code
2AF728	10	unknown
2AF732	190	code
2AF7F0	2	unknown
2AF7F2	211	code
2AF8C5	6	unknown
2AF8CB	96	code
2AF92B	6	unknown
2AF931	56	code
2AF969	6	unknown
2AF96F	45	code
2AF99C	6	unknown
2AF9A2	167	code
2AFA49	1463	unknown
2B8000	32768	unknown
2C8000	32768	unknown
2D8000	32768	unknown
2E8000	32768	unknown
2F8000	32768	unknown
